{
  "delete produk-1" : {
    "transaction" : "delete produk-1",
    "sampleCount" : 200,
    "errorCount" : 0,
    "errorPct" : 0.0,
    "meanResTime" : 1865.4399999999998,
    "medianResTime" : 2046.0,
    "minResTime" : 81.0,
    "maxResTime" : 3899.0,
    "pct1ResTime" : 2617.9,
    "pct2ResTime" : 2766.5499999999993,
    "pct3ResTime" : 3741.3800000000006,
    "throughput" : 2.426301103967002,
    "receivedKBytesPerSec" : 1.6728208783209995,
    "sentKBytesPerSec" : 0.8198243964576003
  },
  "delete produk-0" : {
    "transaction" : "delete produk-0",
    "sampleCount" : 200,
    "errorCount" : 0,
    "errorPct" : 0.0,
    "meanResTime" : 25.085000000000008,
    "medianResTime" : 29.0,
    "minResTime" : 15.0,
    "maxResTime" : 42.0,
    "pct1ResTime" : 31.0,
    "pct2ResTime" : 33.94999999999999,
    "pct3ResTime" : 39.0,
    "throughput" : 2.4278326737721234,
    "receivedKBytesPerSec" : 0.9720814416470417,
    "sentKBytesPerSec" : 1.1250064489305398
  },
  "POST seller" : {
    "transaction" : "POST seller",
    "sampleCount" : 200,
    "errorCount" : 0,
    "errorPct" : 0.0,
    "meanResTime" : 2220.8449999999984,
    "medianResTime" : 2127.5,
    "minResTime" : 1034.0,
    "maxResTime" : 3950.0,
    "pct1ResTime" : 3117.0,
    "pct2ResTime" : 3438.6,
    "pct3ResTime" : 3888.51,
    "throughput" : 2.244190352225676,
    "receivedKBytesPerSec" : 4.4182497559442995,
    "sentKBytesPerSec" : 10.238680163601476
  },
  "login" : {
    "transaction" : "login",
    "sampleCount" : 200,
    "errorCount" : 0,
    "errorPct" : 0.0,
    "meanResTime" : 1163.4449999999995,
    "medianResTime" : 1092.5,
    "minResTime" : 350.0,
    "maxResTime" : 2888.0,
    "pct1ResTime" : 1864.4,
    "pct2ResTime" : 2196.0499999999997,
    "pct3ResTime" : 2844.9100000000008,
    "throughput" : 2.263595721804086,
    "receivedKBytesPerSec" : 1.0632710372927394,
    "sentKBytesPerSec" : 0.9262173900741327
  },
  "Get produk" : {
    "transaction" : "Get produk",
    "sampleCount" : 200,
    "errorCount" : 0,
    "errorPct" : 0.0,
    "meanResTime" : 1796.6500000000005,
    "medianResTime" : 1850.0,
    "minResTime" : 890.0,
    "maxResTime" : 3340.0,
    "pct1ResTime" : 2370.9,
    "pct2ResTime" : 2438.2999999999997,
    "pct3ResTime" : 2786.2800000000007,
    "throughput" : 2.3210472565221427,
    "receivedKBytesPerSec" : 4.569561786277968,
    "sentKBytesPerSec" : 1.5413204437842354
  },
  "delete produk" : {
    "transaction" : "delete produk",
    "sampleCount" : 200,
    "errorCount" : 0,
    "errorPct" : 0.0,
    "meanResTime" : 1890.595000000001,
    "medianResTime" : 2067.5,
    "minResTime" : 101.0,
    "maxResTime" : 3916.0,
    "pct1ResTime" : 2639.7,
    "pct2ResTime" : 2796.1999999999994,
    "pct3ResTime" : 3761.4900000000007,
    "throughput" : 2.425447798299761,
    "receivedKBytesPerSec" : 2.643359123928255,
    "sentKBytesPerSec" : 1.943437420414994
  },
  "Get seller produk id-0" : {
    "transaction" : "Get seller produk id-0",
    "sampleCount" : 200,
    "errorCount" : 0,
    "errorPct" : 0.0,
    "meanResTime" : 25.915000000000003,
    "medianResTime" : 29.0,
    "minResTime" : 14.0,
    "maxResTime" : 42.0,
    "pct1ResTime" : 33.0,
    "pct2ResTime" : 34.0,
    "pct3ResTime" : 36.0,
    "throughput" : 2.376792993214256,
    "receivedKBytesPerSec" : 0.9516456320486767,
    "sentKBytesPerSec" : 0.8030960699727857
  },
  "Get seller produk id-1" : {
    "transaction" : "Get seller produk id-1",
    "sampleCount" : 200,
    "errorCount" : 0,
    "errorPct" : 0.0,
    "meanResTime" : 1893.9799999999977,
    "medianResTime" : 1866.5,
    "minResTime" : 270.0,
    "maxResTime" : 3351.0,
    "pct1ResTime" : 2924.6,
    "pct2ResTime" : 3155.599999999999,
    "pct3ResTime" : 3330.84,
    "throughput" : 2.369949046095509,
    "receivedKBytesPerSec" : 1.6594272129399217,
    "sentKBytesPerSec" : 0.8007835644033653
  },
  "Total" : {
    "transaction" : "Total",
    "sampleCount" : 2600,
    "errorCount" : 0,
    "errorPct" : 0.0,
    "meanResTime" : 1293.7846153846158,
    "medianResTime" : 1363.5,
    "minResTime" : 14.0,
    "maxResTime" : 3950.0,
    "pct1ResTime" : 2618.0,
    "pct2ResTime" : 2918.499999999998,
    "pct3ResTime" : 3467.7099999999937,
    "throughput" : 28.61387773069939,
    "receivedKBytesPerSec" : 28.00987385131789,
    "sentKBytesPerSec" : 30.40998321686018
  },
  "POST seller-0" : {
    "transaction" : "POST seller-0",
    "sampleCount" : 200,
    "errorCount" : 0,
    "errorPct" : 0.0,
    "meanResTime" : 32.19,
    "medianResTime" : 30.0,
    "minResTime" : 16.0,
    "maxResTime" : 95.0,
    "pct1ResTime" : 48.0,
    "pct2ResTime" : 50.0,
    "pct3ResTime" : 56.940000000000055,
    "throughput" : 2.2743037787557285,
    "receivedKBytesPerSec" : 0.8972839127122211,
    "sentKBytesPerSec" : 9.620926864076235
  },
  "POST seller-1" : {
    "transaction" : "POST seller-1",
    "sampleCount" : 200,
    "errorCount" : 0,
    "errorPct" : 0.0,
    "meanResTime" : 2188.5699999999983,
    "medianResTime" : 2094.0,
    "minResTime" : 1012.0,
    "maxResTime" : 3912.0,
    "pct1ResTime" : 3083.3,
    "pct2ResTime" : 3411.85,
    "pct3ResTime" : 3838.67,
    "throughput" : 2.245046865353314,
    "receivedKBytesPerSec" : 3.534194870067913,
    "sentKBytesPerSec" : 0.7454257170118427
  },
  "Get produk-0" : {
    "transaction" : "Get produk-0",
    "sampleCount" : 200,
    "errorCount" : 0,
    "errorPct" : 0.0,
    "meanResTime" : 25.55,
    "medianResTime" : 28.0,
    "minResTime" : 14.0,
    "maxResTime" : 45.0,
    "pct1ResTime" : 31.0,
    "pct2ResTime" : 34.0,
    "pct3ResTime" : 40.98000000000002,
    "throughput" : 2.3447483498833486,
    "receivedKBytesPerSec" : 0.9250764974149149,
    "sentKBytesPerSec" : 0.7785297255472057
  },
  "Get seller produk id" : {
    "transaction" : "Get seller produk id",
    "sampleCount" : 200,
    "errorCount" : 0,
    "errorPct" : 0.0,
    "meanResTime" : 1919.9599999999994,
    "medianResTime" : 1892.0,
    "minResTime" : 300.0,
    "maxResTime" : 3380.0,
    "pct1ResTime" : 2955.4,
    "pct2ResTime" : 3185.249999999999,
    "pct3ResTime" : 3359.8500000000004,
    "throughput" : 2.369162974721031,
    "receivedKBytesPerSec" : 2.6074674536236344,
    "sentKBytesPerSec" : 1.6010359165106967
  },
  "Get produk-1" : {
    "transaction" : "Get produk-1",
    "sampleCount" : 200,
    "errorCount" : 0,
    "errorPct" : 0.0,
    "meanResTime" : 1770.975,
    "medianResTime" : 1828.0,
    "minResTime" : 871.0,
    "maxResTime" : 3310.0,
    "pct1ResTime" : 2341.0,
    "pct2ResTime" : 2403.8,
    "pct3ResTime" : 2769.1600000000008,
    "throughput" : 2.3218017181332713,
    "receivedKBytesPerSec" : 3.655023798467611,
    "sentKBytesPerSec" : 0.7709107267239378
  }
}