{
  "POST OFFERS" : {
    "transaction" : "POST OFFERS",
    "sampleCount" : 200,
    "errorCount" : 0,
    "errorPct" : 0.0,
    "meanResTime" : 1843.105,
    "medianResTime" : 1577.0,
    "minResTime" : 800.0,
    "maxResTime" : 5609.0,
    "pct1ResTime" : 3005.000000000001,
    "pct2ResTime" : 4463.149999999997,
    "pct3ResTime" : 5360.180000000002,
    "throughput" : 1.8198693333818632,
    "receivedKBytesPerSec" : 4.992582255250324,
    "sentKBytesPerSec" : 1.547973035223571
  },
  "Login User" : {
    "transaction" : "Login User",
    "sampleCount" : 200,
    "errorCount" : 0,
    "errorPct" : 0.0,
    "meanResTime" : 1916.9600000000003,
    "medianResTime" : 1758.0,
    "minResTime" : 752.0,
    "maxResTime" : 6158.0,
    "pct1ResTime" : 2668.1,
    "pct2ResTime" : 3652.999999999996,
    "pct3ResTime" : 5923.320000000004,
    "throughput" : 1.8319547873558482,
    "receivedKBytesPerSec" : 3.778102615802442,
    "sentKBytesPerSec" : 1.4813429717054583
  },
  "LIST OFFERS" : {
    "transaction" : "LIST OFFERS",
    "sampleCount" : 200,
    "errorCount" : 0,
    "errorPct" : 0.0,
    "meanResTime" : 3614.8950000000004,
    "medianResTime" : 3596.5,
    "minResTime" : 1905.0,
    "maxResTime" : 5270.0,
    "pct1ResTime" : 4419.0,
    "pct2ResTime" : 4684.2,
    "pct3ResTime" : 5168.450000000001,
    "throughput" : 1.847182584762591,
    "receivedKBytesPerSec" : 46.628751079447326,
    "sentKBytesPerSec" : 2.767617070968755
  },
  "Total" : {
    "transaction" : "Total",
    "sampleCount" : 1600,
    "errorCount" : 0,
    "errorPct" : 0.0,
    "meanResTime" : 2436.5549999999957,
    "medianResTime" : 2150.5,
    "minResTime" : 490.0,
    "maxResTime" : 6158.0,
    "pct1ResTime" : 4219.9,
    "pct2ResTime" : 4568.399999999998,
    "pct3ResTime" : 5118.95,
    "throughput" : 13.436570987084098,
    "receivedKBytesPerSec" : 177.70010288686828,
    "sentKBytesPerSec" : 24.24457997069148
  },
  "PUT OFFERS" : {
    "transaction" : "PUT OFFERS",
    "sampleCount" : 200,
    "errorCount" : 0,
    "errorPct" : 0.0,
    "meanResTime" : 4251.534999999998,
    "medianResTime" : 4283.0,
    "minResTime" : 2874.0,
    "maxResTime" : 5373.0,
    "pct1ResTime" : 4869.8,
    "pct2ResTime" : 4994.099999999999,
    "pct3ResTime" : 5361.060000000001,
    "throughput" : 1.8459720889020157,
    "receivedKBytesPerSec" : 46.61892545387839,
    "sentKBytesPerSec" : 9.02605539127686
  },
  "PUT OFFERS-0" : {
    "transaction" : "PUT OFFERS-0",
    "sampleCount" : 200,
    "errorCount" : 0,
    "errorPct" : 0.0,
    "meanResTime" : 1961.7649999999996,
    "medianResTime" : 1933.5,
    "minResTime" : 759.0,
    "maxResTime" : 4073.0,
    "pct1ResTime" : 2568.5,
    "pct2ResTime" : 2864.8999999999987,
    "pct3ResTime" : 3742.2800000000007,
    "throughput" : 1.881573748283064,
    "receivedKBytesPerSec" : 2.4618481522945794,
    "sentKBytesPerSec" : 7.794832683994393
  },
  "PUT OFFERS-1" : {
    "transaction" : "PUT OFFERS-1",
    "sampleCount" : 200,
    "errorCount" : 0,
    "errorPct" : 0.0,
    "meanResTime" : 2289.405,
    "medianResTime" : 2284.5,
    "minResTime" : 1155.0,
    "maxResTime" : 3609.0,
    "pct1ResTime" : 2899.2,
    "pct2ResTime" : 3011.9,
    "pct3ResTime" : 3476.640000000002,
    "throughput" : 1.875486454299084,
    "receivedKBytesPerSec" : 44.91040962382431,
    "sentKBytesPerSec" : 1.4007539455546283
  },
  "LIST OFFERS-0" : {
    "transaction" : "LIST OFFERS-0",
    "sampleCount" : 200,
    "errorCount" : 0,
    "errorPct" : 0.0,
    "meanResTime" : 1472.4599999999996,
    "medianResTime" : 1367.0,
    "minResTime" : 490.0,
    "maxResTime" : 3059.0,
    "pct1ResTime" : 2243.5,
    "pct2ResTime" : 2799.3999999999996,
    "pct3ResTime" : 3049.4000000000005,
    "throughput" : 1.8850496710588325,
    "receivedKBytesPerSec" : 2.44437925314332,
    "sentKBytesPerSec" : 1.4384733041621898
  },
  "LIST OFFERS-1" : {
    "transaction" : "LIST OFFERS-1",
    "sampleCount" : 200,
    "errorCount" : 0,
    "errorPct" : 0.0,
    "meanResTime" : 2142.315,
    "medianResTime" : 2119.0,
    "minResTime" : 891.0,
    "maxResTime" : 4530.0,
    "pct1ResTime" : 2906.0,
    "pct2ResTime" : 3081.7999999999993,
    "pct3ResTime" : 4456.010000000003,
    "throughput" : 1.9008877145627008,
    "receivedKBytesPerSec" : 45.51952226533541,
    "sentKBytesPerSec" : 1.3975237373353355
  }
}