{
	"info": {
		"_postman_id": "31cb2f95-1dfa-4b6b-843f-b9376adcbbe9",
		"name": "website",
		"schema": "https://schema.getpostman.com/json/collection/v2.1.0/collection.json",
		"_exporter_id": "8812000",
		"_collection_link": "https://dark-spaceship-921647.postman.co/workspace/website-API~a1d39a28-a96b-4b4e-a62a-a4fdf9a320e3/collection/8812000-31cb2f95-1dfa-4b6b-843f-b9376adcbbe9?action=share&source=collection_link&creator=8812000"
	},
	"item": [
		{
			"name": "auth",
			"item": [
				{
					"name": "registrasi",
					"request": {
						"method": "POST",
						"header": [],
						"body": {
							"mode": "raw",
							"raw": "{\r\n  \"user\": {\r\n    \"name\": \"Skywrath Mage\",\r\n    \"email\": \"inigg3@gg.com\",\r\n    \"password\": \"Password123\"\r\n  }\r\n}",
							"options": {
								"raw": {
									"language": "json"
								}
							}
						},
						"url": {
							"raw": "https://secondhand.binaracademy.org/users.json",
							"protocol": "https",
							"host": [
								"secondhand",
								"binaracademy",
								"org"
							],
							"path": [
								"users.json"
							]
						}
					},
					"response": []
				},
				{
					"name": "login",
					"request": {
						"auth": {
							"type": "noauth"
						},
						"method": "POST",
						"header": [],
						"body": {
							"mode": "raw",
							"raw": "{\r\n  \"user\": {\r\n    \"email\":\"inigg2@gg.com\",\r\n    \"password\":\"Password123\"\r\n  }\r\n}",
							"options": {
								"raw": {
									"language": "json"
								}
							}
						},
						"url": {
							"raw": "{{base_url}}/users/sign_in.json",
							"host": [
								"{{base_url}}"
							],
							"path": [
								"users",
								"sign_in.json"
							]
						}
					},
					"response": []
				}
			]
		},
		{
			"name": "Categories",
			"item": [
				{
					"name": "List Categories",
					"request": {
						"method": "GET",
						"header": [],
						"url": {
							"raw": "https://secondhand.binaracademy.org/categories.json",
							"protocol": "https",
							"host": [
								"secondhand",
								"binaracademy",
								"org"
							],
							"path": [
								"categories.json"
							]
						}
					},
					"response": []
				},
				{
					"name": "Get Category",
					"request": {
						"method": "GET",
						"header": [],
						"url": {
							"raw": "https://secondhand.binaracademy.org/categories.json?id=5",
							"protocol": "https",
							"host": [
								"secondhand",
								"binaracademy",
								"org"
							],
							"path": [
								"categories.json"
							],
							"query": [
								{
									"key": "id",
									"value": "5"
								}
							]
						}
					},
					"response": []
				}
			]
		},
		{
			"name": "Offers",
			"item": [
				{
					"name": "Create Offer",
					"event": [
						{
							"listen": "test",
							"script": {
								"exec": [
									"pm.test(\"Response time is less than 200ms\", function () {\r",
									"    pm.expect(pm.response.responseTime).to.be.below(200);\r",
									"});\r",
									"\r",
									"pm.test(\"Status code is 200\", function () {\r",
									"    pm.response.to.have.status(200);\r",
									"});\r",
									""
								],
								"type": "text/javascript"
							}
						}
					],
					"request": {
						"method": "POST",
						"header": [],
						"body": {
							"mode": "raw",
							"raw": "{\r\n  \"offer\": {\r\n    \"price\": 1000,\r\n    \"to_id\":87296,\r\n    \"product_id\":51571\r\n  }\r\n}",
							"options": {
								"raw": {
									"language": "json"
								}
							}
						},
						"url": {
							"raw": "https://secondhand.binaracademy.org/offers.json",
							"protocol": "https",
							"host": [
								"secondhand",
								"binaracademy",
								"org"
							],
							"path": [
								"offers.json"
							]
						}
					},
					"response": []
				},
				{
					"name": "List offer",
					"event": [
						{
							"listen": "test",
							"script": {
								"exec": [
									"pm.test(\"Response time is less than 200ms\", function () {\r",
									"    pm.expect(pm.response.responseTime).to.be.below(200);\r",
									"});\r",
									"\r",
									"pm.test(\"Status code is 200\", function () {\r",
									"    pm.response.to.have.status(200);\r",
									"});\r",
									""
								],
								"type": "text/javascript"
							}
						}
					],
					"protocolProfileBehavior": {
						"disableBodyPruning": true
					},
					"request": {
						"method": "GET",
						"header": [
							{
								"key": "",
								"value": "",
								"type": "text",
								"disabled": true
							}
						],
						"body": {
							"mode": "formdata",
							"formdata": [
								{
									"key": "",
									"value": "",
									"type": "text",
									"disabled": true
								}
							]
						},
						"url": {
							"raw": "https://secondhand.binaracademy.org/users/:id/offers.json",
							"protocol": "https",
							"host": [
								"secondhand",
								"binaracademy",
								"org"
							],
							"path": [
								"users",
								":id",
								"offers.json"
							],
							"query": [
								{
									"key": "user_id",
									"value": "87296",
									"disabled": true
								}
							],
							"variable": [
								{
									"key": "id",
									"value": "87308"
								}
							]
						}
					},
					"response": []
				},
				{
					"name": "update offer",
					"event": [
						{
							"listen": "test",
							"script": {
								"exec": [
									"pm.test(\"Response time is less than 200ms\", function () {\r",
									"    pm.expect(pm.response.responseTime).to.be.below(200);\r",
									"});\r",
									"\r",
									"pm.test(\"Status code is 200\", function () {\r",
									"    pm.response.to.have.status(200);\r",
									"});\r",
									""
								],
								"type": "text/javascript"
							}
						}
					],
					"request": {
						"method": "PUT",
						"header": [],
						"body": {
							"mode": "raw",
							"raw": "{\r\n  \"offer\": {\r\n    \"status\": \"accepted\"\r\n  }\r\n}",
							"options": {
								"raw": {
									"language": "json"
								}
							}
						},
						"url": {
							"raw": "https://secondhand.binaracademy.org/offers/:id.json",
							"protocol": "https",
							"host": [
								"secondhand",
								"binaracademy",
								"org"
							],
							"path": [
								"offers",
								":id.json"
							],
							"query": [
								{
									"key": "id",
									"value": "40791",
									"disabled": true
								}
							],
							"variable": [
								{
									"key": "id",
									"value": "40905"
								}
							]
						}
					},
					"response": []
				}
			]
		},
		{
			"name": "product",
			"item": [
				{
					"name": "create product",
					"request": {
						"method": "POST",
						"header": [],
						"body": {
							"mode": "raw",
							"raw": "{\r\n  \"product\": {\r\n    \"name\": \"Faerie Fire22222222224444444\",\r\n    \"price\": 1400000,\r\n    \"description\": \"Aperiam qui adipisci. Voluptatem quia suscipit. Repellat sint et.\",\r\n    \"status\" : \"published\",\r\n    \"category_id\": 2\r\n    \r\n  }\r\n}",
							"options": {
								"raw": {
									"language": "json"
								}
							}
						},
						"url": {
							"raw": "https://secondhand.binaracademy.org/products.json",
							"protocol": "https",
							"host": [
								"secondhand",
								"binaracademy",
								"org"
							],
							"path": [
								"products.json"
							]
						}
					},
					"response": []
				},
				{
					"name": "List product",
					"protocolProfileBehavior": {
						"disableBodyPruning": true
					},
					"request": {
						"method": "GET",
						"header": [],
						"body": {
							"mode": "raw",
							"raw": "{\r\n  \"category_id\": 2,\r\n  \"user_id\": 87296\r\n}",
							"options": {
								"raw": {
									"language": "json"
								}
							}
						},
						"url": {
							"raw": "https://secondhand.binaracademy.org/products.json?page=1",
							"protocol": "https",
							"host": [
								"secondhand",
								"binaracademy",
								"org"
							],
							"path": [
								"products.json"
							],
							"query": [
								{
									"key": "page",
									"value": "1"
								},
								{
									"key": "product",
									"value": "4",
									"description": "87296",
									"disabled": true
								}
							]
						}
					},
					"response": []
				},
				{
					"name": "get product",
					"protocolProfileBehavior": {
						"disableBodyPruning": true
					},
					"request": {
						"method": "GET",
						"header": [],
						"body": {
							"mode": "formdata",
							"formdata": []
						},
						"url": {
							"raw": "https://secondhand.binaracademy.org/products/:id.json",
							"protocol": "https",
							"host": [
								"secondhand",
								"binaracademy",
								"org"
							],
							"path": [
								"products",
								":id.json"
							],
							"variable": [
								{
									"key": "id",
									"value": "51440"
								}
							]
						}
					},
					"response": []
				},
				{
					"name": "update product",
					"request": {
						"method": "PUT",
						"header": [],
						"body": {
							"mode": "raw",
							"raw": "{\r\n  \"product\": {\r\n    \"name\": \"Faerie Fire222\",\r\n    \"price\": 140000,\r\n    \"description\": \"Aperiam qui adipisci. Voluptatem quia suscipit. Repellat sint et.\",\r\n    \"status\" : \"published\",\r\n    \"category_id\": 2\r\n    \r\n  }\r\n}",
							"options": {
								"raw": {
									"language": "json"
								}
							}
						},
						"url": {
							"raw": "https://secondhand.binaracademy.org/products/:id.json",
							"protocol": "https",
							"host": [
								"secondhand",
								"binaracademy",
								"org"
							],
							"path": [
								"products",
								":id.json"
							],
							"query": [
								{
									"key": "id",
									"value": "51442",
									"disabled": true
								}
							],
							"variable": [
								{
									"key": "id",
									"value": "51440"
								}
							]
						}
					},
					"response": []
				},
				{
					"name": "delete product",
					"request": {
						"method": "DELETE",
						"header": [],
						"url": {
							"raw": "https://secondhand.binaracademy.org/products/:id.json",
							"protocol": "https",
							"host": [
								"secondhand",
								"binaracademy",
								"org"
							],
							"path": [
								"products",
								":id.json"
							],
							"variable": [
								{
									"key": "id",
									"value": "51440"
								}
							]
						}
					},
					"response": []
				}
			]
		},
		{
			"name": "Profile",
			"item": [
				{
					"name": "Get profile",
					"event": [
						{
							"listen": "test",
							"script": {
								"exec": [
									"pm.test(\"Response time is less than 200ms\", function () {\r",
									"    pm.expect(pm.response.responseTime).to.be.below(200);\r",
									"});\r",
									"\r",
									"pm.test(\"Status code is 200\", function () {\r",
									"    pm.response.to.have.status(200);\r",
									"});\r",
									""
								],
								"type": "text/javascript"
							}
						}
					],
					"protocolProfileBehavior": {
						"disableBodyPruning": true
					},
					"request": {
						"method": "GET",
						"header": [],
						"body": {
							"mode": "raw",
							"raw": ""
						},
						"url": {
							"raw": "https://secondhand.binaracademy.org/profiles.json",
							"protocol": "https",
							"host": [
								"secondhand",
								"binaracademy",
								"org"
							],
							"path": [
								"profiles.json"
							]
						}
					},
					"response": []
				},
				{
					"name": "Edit Profile",
					"event": [
						{
							"listen": "test",
							"script": {
								"exec": [
									"pm.test(\"Response time is less than 200ms\", function () {\r",
									"    pm.expect(pm.response.responseTime).to.be.below(200);\r",
									"});\r",
									"\r",
									"pm.test(\"Status code is 200\", function () {\r",
									"    pm.response.to.have.status(200);\r",
									"});\r",
									""
								],
								"type": "text/javascript"
							}
						}
					],
					"request": {
						"method": "PUT",
						"header": [],
						"body": {
							"mode": "raw",
							"raw": "{\r\n    \"user\": {\r\n        \"id\": 87308,\r\n        \"name\": \"ini GGyaa\",\r\n        \"email\": \"inigg2@gg.com\",\r\n        \"phone_number\": \"89988666\",\r\n        \"address\": \"jalan sana sini\",\r\n        \"city\": {\r\n            \"id\": 5,\r\n            \"name\": \"Semarang\"\r\n        },\r\n        \"avatar\": {\r\n            \"filename\": \"images.jpg\",\r\n            \"url\": \"/rails/active_storage/blobs/redirect/eyJfcmFpbHMiOnsibWVzc2FnZSI6IkJBaHBBemM0QXc9PSIsImV4cCI6bnVsbCwicHVyIjoiYmxvYl9pZCJ9fQ==--99de66dc48195110115807e0bb13a6cdadd6fc11/images.jpg\"\r\n        }\r\n    }\r\n}",
							"options": {
								"raw": {
									"language": "json"
								}
							}
						},
						"url": {
							"raw": "https://secondhand.binaracademy.org/profiles.json",
							"protocol": "https",
							"host": [
								"secondhand",
								"binaracademy",
								"org"
							],
							"path": [
								"profiles.json"
							]
						}
					},
					"response": []
				}
			]
		}
	]
}