{
  "put buyer produk by id" : {
    "transaction" : "put buyer produk by id",
    "sampleCount" : 200,
    "errorCount" : 0,
    "errorPct" : 0.0,
    "meanResTime" : 1681.479999999999,
    "medianResTime" : 1600.0,
    "minResTime" : 1020.0,
    "maxResTime" : 2994.0,
    "pct1ResTime" : 2291.5000000000005,
    "pct2ResTime" : 2646.1,
    "pct3ResTime" : 2989.5300000000007,
    "throughput" : 2.817377584943934,
    "receivedKBytesPerSec" : 1.8571580760128472,
    "sentKBytesPerSec" : 2.701078219206063
  },
  "POST buyer" : {
    "transaction" : "POST buyer",
    "sampleCount" : 200,
    "errorCount" : 0,
    "errorPct" : 0.0,
    "meanResTime" : 2259.999999999999,
    "medianResTime" : 2137.5,
    "minResTime" : 1200.0,
    "maxResTime" : 3833.0,
    "pct1ResTime" : 3106.5,
    "pct2ResTime" : 3437.2999999999993,
    "pct3ResTime" : 3688.2200000000007,
    "throughput" : 2.737101409607226,
    "receivedKBytesPerSec" : 1.7828580470781443,
    "sentKBytesPerSec" : 11.08151857807582
  },
  "Get buyer order id-0" : {
    "transaction" : "Get buyer order id-0",
    "sampleCount" : 200,
    "errorCount" : 0,
    "errorPct" : 0.0,
    "meanResTime" : 25.234999999999996,
    "medianResTime" : 24.0,
    "minResTime" : 14.0,
    "maxResTime" : 310.0,
    "pct1ResTime" : 32.0,
    "pct2ResTime" : 34.0,
    "pct3ResTime" : 52.87000000000012,
    "throughput" : 2.8773666340565116,
    "receivedKBytesPerSec" : 1.1492606966104622,
    "sentKBytesPerSec" : 0.9694252819819302
  },
  "Get buyer order id-1" : {
    "transaction" : "Get buyer order id-1",
    "sampleCount" : 200,
    "errorCount" : 0,
    "errorPct" : 0.0,
    "meanResTime" : 729.7800000000002,
    "medianResTime" : 740.5,
    "minResTime" : 190.0,
    "maxResTime" : 1580.0,
    "pct1ResTime" : 1163.3000000000002,
    "pct2ResTime" : 1271.6999999999998,
    "pct3ResTime" : 1441.97,
    "throughput" : 2.8339048374755578,
    "receivedKBytesPerSec" : 2.404944632584238,
    "sentKBytesPerSec" : 0.9547823915322924
  },
  "Get buyer order id" : {
    "transaction" : "Get buyer order id",
    "sampleCount" : 200,
    "errorCount" : 0,
    "errorPct" : 0.0,
    "meanResTime" : 755.1249999999999,
    "medianResTime" : 762.5,
    "minResTime" : 210.0,
    "maxResTime" : 1610.0,
    "pct1ResTime" : 1186.4000000000003,
    "pct2ResTime" : 1300.85,
    "pct3ResTime" : 1470.8200000000002,
    "throughput" : 2.8327006968443715,
    "receivedKBytesPerSec" : 3.5353432525069404,
    "sentKBytesPerSec" : 1.9087533992408363
  },
  "login" : {
    "transaction" : "login",
    "sampleCount" : 200,
    "errorCount" : 0,
    "errorPct" : 0.0,
    "meanResTime" : 1255.5549999999994,
    "medianResTime" : 1228.5,
    "minResTime" : 530.0,
    "maxResTime" : 2814.0,
    "pct1ResTime" : 1646.6,
    "pct2ResTime" : 1996.2499999999993,
    "pct3ResTime" : 2553.82,
    "throughput" : 2.7623927846300464,
    "receivedKBytesPerSec" : 1.3002669162028149,
    "sentKBytesPerSec" : 1.1303150163671773
  },
  "put buyer produk by id-1" : {
    "transaction" : "put buyer produk by id-1",
    "sampleCount" : 200,
    "errorCount" : 0,
    "errorPct" : 0.0,
    "meanResTime" : 1656.945,
    "medianResTime" : 1578.5,
    "minResTime" : 990.0,
    "maxResTime" : 2973.0,
    "pct1ResTime" : 2262.4,
    "pct2ResTime" : 2615.2,
    "pct3ResTime" : 2960.5300000000007,
    "throughput" : 2.8185290097098323,
    "receivedKBytesPerSec" : 0.7376618892599952,
    "sentKBytesPerSec" : 0.9440971194633521
  },
  "put buyer produk by id-0" : {
    "transaction" : "put buyer produk by id-0",
    "sampleCount" : 200,
    "errorCount" : 0,
    "errorPct" : 0.0,
    "meanResTime" : 24.46500000000001,
    "medianResTime" : 27.0,
    "minResTime" : 14.0,
    "maxResTime" : 42.0,
    "pct1ResTime" : 30.900000000000006,
    "pct2ResTime" : 31.94999999999999,
    "pct3ResTime" : 36.960000000000036,
    "throughput" : 2.8709232889297196,
    "receivedKBytesPerSec" : 1.1410798619085898,
    "sentKBytesPerSec" : 1.7907664378301562
  },
  "POST buyer-0" : {
    "transaction" : "POST buyer-0",
    "sampleCount" : 200,
    "errorCount" : 0,
    "errorPct" : 0.0,
    "meanResTime" : 32.204999999999984,
    "medianResTime" : 30.0,
    "minResTime" : 16.0,
    "maxResTime" : 67.0,
    "pct1ResTime" : 48.0,
    "pct2ResTime" : 49.94999999999999,
    "pct3ResTime" : 62.960000000000036,
    "throughput" : 2.7816411682892905,
    "receivedKBytesPerSec" : 1.0892950278164115,
    "sentKBytesPerSec" : 10.346401251738525
  },
  "POST buyer-1" : {
    "transaction" : "POST buyer-1",
    "sampleCount" : 200,
    "errorCount" : 0,
    "errorPct" : 0.0,
    "meanResTime" : 2227.7050000000013,
    "medianResTime" : 2106.0,
    "minResTime" : 1170.0,
    "maxResTime" : 3802.0,
    "pct1ResTime" : 3077.4,
    "pct2ResTime" : 3416.099999999999,
    "pct3ResTime" : 3639.3200000000006,
    "throughput" : 2.7385630759540467,
    "receivedKBytesPerSec" : 0.7113845490271254,
    "sentKBytesPerSec" : 0.9012653873012829
  },
  "Total" : {
    "transaction" : "Total",
    "sampleCount" : 2600,
    "errorCount" : 0,
    "errorPct" : 0.0,
    "meanResTime" : 1080.1211538461566,
    "medianResTime" : 1142.5,
    "minResTime" : 14.0,
    "maxResTime" : 3833.0,
    "pct1ResTime" : 2144.8,
    "pct2ResTime" : 2577.499999999998,
    "pct3ResTime" : 3207.9199999999983,
    "throughput" : 33.3628466207286,
    "receivedKBytesPerSec" : 17.683912691996767,
    "sentKBytesPerSec" : 33.58855710500315
  },
  "Get buyer order" : {
    "transaction" : "Get buyer order",
    "sampleCount" : 200,
    "errorCount" : 0,
    "errorPct" : 0.0,
    "meanResTime" : 1696.5750000000012,
    "medianResTime" : 1734.5,
    "minResTime" : 962.0,
    "maxResTime" : 2211.0,
    "pct1ResTime" : 2118.0,
    "pct2ResTime" : 2154.75,
    "pct3ResTime" : 2181.9700000000003,
    "throughput" : 2.8062298302230952,
    "receivedKBytesPerSec" : 1.8278860319910202,
    "sentKBytesPerSec" : 1.847069243721061
  },
  "Get buyer order-1" : {
    "transaction" : "Get buyer order-1",
    "sampleCount" : 200,
    "errorCount" : 0,
    "errorPct" : 0.0,
    "meanResTime" : 1671.3149999999996,
    "medianResTime" : 1709.5,
    "minResTime" : 930.0,
    "maxResTime" : 2181.0,
    "pct1ResTime" : 2097.0,
    "pct2ResTime" : 2129.95,
    "pct3ResTime" : 2165.88,
    "throughput" : 2.807411566535654,
    "receivedKBytesPerSec" : 0.7292690202133634,
    "sentKBytesPerSec" : 0.9239235331274566
  },
  "Get buyer order-0" : {
    "transaction" : "Get buyer order-0",
    "sampleCount" : 200,
    "errorCount" : 0,
    "errorPct" : 0.0,
    "meanResTime" : 25.189999999999987,
    "medianResTime" : 27.5,
    "minResTime" : 14.0,
    "maxResTime" : 74.0,
    "pct1ResTime" : 31.0,
    "pct2ResTime" : 33.0,
    "pct3ResTime" : 48.99000000000001,
    "throughput" : 2.8786919223904657,
    "receivedKBytesPerSec" : 1.1273002547642352,
    "sentKBytesPerSec" : 0.947382009614831
  }
}