{
  "DELETE produk-1" : {
    "transaction" : "DELETE produk-1",
    "sampleCount" : 200,
    "errorCount" : 0,
    "errorPct" : 0.0,
    "meanResTime" : 1710.6699999999992,
    "medianResTime" : 1579.5,
    "minResTime" : 431.0,
    "maxResTime" : 3360.0,
    "pct1ResTime" : 2787.1,
    "pct2ResTime" : 2939.0,
    "pct3ResTime" : 3259.290000000001,
    "throughput" : 1.1371518893778643,
    "receivedKBytesPerSec" : 27.317259025077043,
    "sentKBytesPerSec" : 0.8477111975346547
  },
  "Get categories By Id-1" : {
    "transaction" : "Get categories By Id-1",
    "sampleCount" : 200,
    "errorCount" : 0,
    "errorPct" : 0.0,
    "meanResTime" : 1447.0650000000005,
    "medianResTime" : 1238.0,
    "minResTime" : 469.0,
    "maxResTime" : 2938.0,
    "pct1ResTime" : 2443.2000000000003,
    "pct2ResTime" : 2572.5499999999997,
    "pct3ResTime" : 2857.130000000001,
    "throughput" : 1.0792259791277696,
    "receivedKBytesPerSec" : 25.91877121353565,
    "sentKBytesPerSec" : 0.7928727579080284
  },
  "Get categories By Id-0" : {
    "transaction" : "Get categories By Id-0",
    "sampleCount" : 200,
    "errorCount" : 0,
    "errorPct" : 0.0,
    "meanResTime" : 955.3899999999999,
    "medianResTime" : 827.0,
    "minResTime" : 153.0,
    "maxResTime" : 2697.0,
    "pct1ResTime" : 1772.6000000000001,
    "pct2ResTime" : 1964.75,
    "pct3ResTime" : 2681.770000000004,
    "throughput" : 1.0812213476342878,
    "receivedKBytesPerSec" : 0.7517867182769656,
    "sentKBytesPerSec" : 0.8196798165707984
  },
  "Login User" : {
    "transaction" : "Login User",
    "sampleCount" : 200,
    "errorCount" : 0,
    "errorPct" : 0.0,
    "meanResTime" : 1509.015,
    "medianResTime" : 977.5,
    "minResTime" : 183.0,
    "maxResTime" : 6238.0,
    "pct1ResTime" : 3710.6,
    "pct2ResTime" : 5136.3499999999985,
    "pct3ResTime" : 6236.200000000002,
    "throughput" : 1.039085189399253,
    "receivedKBytesPerSec" : 2.14203758760787,
    "sentKBytesPerSec" : 0.8398933703767203
  },
  "DELETE produk-0" : {
    "transaction" : "DELETE produk-0",
    "sampleCount" : 200,
    "errorCount" : 0,
    "errorPct" : 0.0,
    "meanResTime" : 1203.2150000000006,
    "medianResTime" : 1102.5,
    "minResTime" : 201.0,
    "maxResTime" : 2612.0,
    "pct1ResTime" : 2047.8000000000002,
    "pct2ResTime" : 2302.5999999999985,
    "pct3ResTime" : 2589.95,
    "throughput" : 1.1275355455580738,
    "receivedKBytesPerSec" : 0.7839895590208482,
    "sentKBytesPerSec" : 4.496708653271544
  },
  "GET produk" : {
    "transaction" : "GET produk",
    "sampleCount" : 200,
    "errorCount" : 0,
    "errorPct" : 0.0,
    "meanResTime" : 1141.45,
    "medianResTime" : 972.5,
    "minResTime" : 300.0,
    "maxResTime" : 2611.0,
    "pct1ResTime" : 1979.6,
    "pct2ResTime" : 2080.9,
    "pct3ResTime" : 2601.130000000002,
    "throughput" : 1.0967618107537496,
    "receivedKBytesPerSec" : 8.121456945244168,
    "sentKBytesPerSec" : 0.8619219722519262
  },
  "DELETE produk" : {
    "transaction" : "DELETE produk",
    "sampleCount" : 200,
    "errorCount" : 0,
    "errorPct" : 0.0,
    "meanResTime" : 2914.0,
    "medianResTime" : 2397.5,
    "minResTime" : 770.0,
    "maxResTime" : 4979.0,
    "pct1ResTime" : 4575.2,
    "pct2ResTime" : 4733.9,
    "pct3ResTime" : 4928.8200000000015,
    "throughput" : 1.1247961307013103,
    "receivedKBytesPerSec" : 27.802527320243517,
    "sentKBytesPerSec" : 5.32428399696305
  },
  "Get categories By Id" : {
    "transaction" : "Get categories By Id",
    "sampleCount" : 200,
    "errorCount" : 0,
    "errorPct" : 0.0,
    "meanResTime" : 2402.595,
    "medianResTime" : 2002.0,
    "minResTime" : 916.0,
    "maxResTime" : 5088.0,
    "pct1ResTime" : 3723.1000000000004,
    "pct2ResTime" : 4297.499999999999,
    "pct3ResTime" : 4861.640000000002,
    "throughput" : 1.0750607409318627,
    "receivedKBytesPerSec" : 26.566241715313165,
    "sentKBytesPerSec" : 1.6048221177621536
  },
  "GET produk by id " : {
    "transaction" : "GET produk by id ",
    "sampleCount" : 200,
    "errorCount" : 0,
    "errorPct" : 0.0,
    "meanResTime" : 2568.5799999999995,
    "medianResTime" : 2204.5,
    "minResTime" : 1292.0,
    "maxResTime" : 4857.0,
    "pct1ResTime" : 4114.7,
    "pct2ResTime" : 4303.2,
    "pct3ResTime" : 4538.71,
    "throughput" : 1.097887664134206,
    "receivedKBytesPerSec" : 27.099491437848577,
    "sentKBytesPerSec" : 1.6656799973101752
  },
  "GET PROFILE" : {
    "transaction" : "GET PROFILE",
    "sampleCount" : 200,
    "errorCount" : 0,
    "errorPct" : 0.0,
    "meanResTime" : 1109.7600000000002,
    "medianResTime" : 1024.5,
    "minResTime" : 68.0,
    "maxResTime" : 2605.0,
    "pct1ResTime" : 1840.9,
    "pct2ResTime" : 2073.2,
    "pct3ResTime" : 2587.4000000000005,
    "throughput" : 1.153469058192514,
    "receivedKBytesPerSec" : 1.8351253406338315,
    "sentKBytesPerSec" : 0.8753523487513698
  },
  "GET produk by id -0" : {
    "transaction" : "GET produk by id -0",
    "sampleCount" : 200,
    "errorCount" : 0,
    "errorPct" : 0.0,
    "meanResTime" : 996.9250000000004,
    "medianResTime" : 818.5,
    "minResTime" : 288.0,
    "maxResTime" : 2953.0,
    "pct1ResTime" : 1657.8000000000002,
    "pct2ResTime" : 2042.2499999999993,
    "pct3ResTime" : 2938.6000000000004,
    "throughput" : 1.1055465269255855,
    "receivedKBytesPerSec" : 0.7687003195029463,
    "sentKBytesPerSec" : 0.8526851479497639
  },
  "Total" : {
    "transaction" : "Total",
    "sampleCount" : 3800,
    "errorCount" : 200,
    "errorPct" : 5.263158,
    "meanResTime" : 1617.0492105263136,
    "medianResTime" : 1396.5,
    "minResTime" : 65.0,
    "maxResTime" : 6238.0,
    "pct1ResTime" : 2940.9,
    "pct2ResTime" : 3889.95,
    "pct3ResTime" : 4729.0,
    "throughput" : 18.77924991722304,
    "receivedKBytesPerSec" : 211.37390328253875,
    "sentKBytesPerSec" : 37.301361364349575
  },
  "Get categories" : {
    "transaction" : "Get categories",
    "sampleCount" : 200,
    "errorCount" : 0,
    "errorPct" : 0.0,
    "meanResTime" : 984.4749999999991,
    "medianResTime" : 835.0,
    "minResTime" : 162.0,
    "maxResTime" : 3061.0,
    "pct1ResTime" : 1883.4,
    "pct2ResTime" : 2008.75,
    "pct3ResTime" : 2573.99,
    "throughput" : 1.0671447475135527,
    "receivedKBytesPerSec" : 1.115082890468263,
    "sentKBytesPerSec" : 0.7996290671554189
  },
  "GET produk by id -1" : {
    "transaction" : "GET produk by id -1",
    "sampleCount" : 200,
    "errorCount" : 0,
    "errorPct" : 0.0,
    "meanResTime" : 1571.4699999999991,
    "medianResTime" : 1387.5,
    "minResTime" : 695.0,
    "maxResTime" : 3576.0,
    "pct1ResTime" : 2579.0000000000005,
    "pct2ResTime" : 2926.4499999999994,
    "pct3ResTime" : 3388.91,
    "throughput" : 1.1040452216922805,
    "receivedKBytesPerSec" : 26.483823839924487,
    "sentKBytesPerSec" : 0.8234948240979951
  },
  "POST produk" : {
    "transaction" : "POST produk",
    "sampleCount" : 200,
    "errorCount" : 0,
    "errorPct" : 0.0,
    "meanResTime" : 1159.4499999999996,
    "medianResTime" : 949.0,
    "minResTime" : 285.0,
    "maxResTime" : 2668.0,
    "pct1ResTime" : 2162.5,
    "pct2ResTime" : 2378.6499999999996,
    "pct3ResTime" : 2522.94,
    "throughput" : 1.0873169909589593,
    "receivedKBytesPerSec" : 2.088317577430561,
    "sentKBytesPerSec" : 5.104624104322629
  },
  "PUT produk by id -0" : {
    "transaction" : "PUT produk by id -0",
    "sampleCount" : 200,
    "errorCount" : 0,
    "errorPct" : 0.0,
    "meanResTime" : 1192.7950000000005,
    "medianResTime" : 1097.0,
    "minResTime" : 182.0,
    "maxResTime" : 2650.0,
    "pct1ResTime" : 2073.6,
    "pct2ResTime" : 2268.4999999999995,
    "pct3ResTime" : 2618.8500000000004,
    "throughput" : 1.1075668970405812,
    "receivedKBytesPerSec" : 0.7701051080985292,
    "sentKBytesPerSec" : 4.224513241654484
  },
  "PUT produk by id " : {
    "transaction" : "PUT produk by id ",
    "sampleCount" : 200,
    "errorCount" : 0,
    "errorPct" : 0.0,
    "meanResTime" : 2917.0249999999983,
    "medianResTime" : 2410.5,
    "minResTime" : 1322.0,
    "maxResTime" : 4983.0,
    "pct1ResTime" : 4588.9,
    "pct2ResTime" : 4714.0,
    "pct3ResTime" : 4958.170000000001,
    "throughput" : 1.1012973282526817,
    "receivedKBytesPerSec" : 27.20801295332151,
    "sentKBytesPerSec" : 5.021776003694852
  },
  "Regis User" : {
    "transaction" : "Regis User",
    "sampleCount" : 200,
    "errorCount" : 200,
    "errorPct" : 100.0,
    "meanResTime" : 2081.3299999999995,
    "medianResTime" : 1822.0,
    "minResTime" : 685.0,
    "maxResTime" : 5953.0,
    "pct1ResTime" : 3280.6000000000004,
    "pct2ResTime" : 4237.499999999999,
    "pct3ResTime" : 5788.930000000005,
    "throughput" : 1.036317755750268,
    "receivedKBytesPerSec" : 0.6304941033519698,
    "sentKBytesPerSec" : 0.8629571780549351
  },
  "PUT produk by id -1" : {
    "transaction" : "PUT produk by id -1",
    "sampleCount" : 200,
    "errorCount" : 0,
    "errorPct" : 0.0,
    "meanResTime" : 1724.0499999999995,
    "medianResTime" : 1544.5,
    "minResTime" : 537.0,
    "maxResTime" : 3220.0,
    "pct1ResTime" : 2674.7000000000003,
    "pct2ResTime" : 2964.649999999999,
    "pct3ResTime" : 3148.3600000000006,
    "throughput" : 1.1121800397048274,
    "receivedKBytesPerSec" : 26.70356222577811,
    "sentKBytesPerSec" : 0.8292909643713124
  },
  "edit PROFILE" : {
    "transaction" : "edit PROFILE",
    "sampleCount" : 200,
    "errorCount" : 0,
    "errorPct" : 0.0,
    "meanResTime" : 1134.6749999999995,
    "medianResTime" : 911.5,
    "minResTime" : 65.0,
    "maxResTime" : 3489.0,
    "pct1ResTime" : 2070.8,
    "pct2ResTime" : 2417.9999999999995,
    "pct3ResTime" : 3419.530000000006,
    "throughput" : 1.167358326475103,
    "receivedKBytesPerSec" : 1.8577470367338482,
    "sentKBytesPerSec" : 5.256971363605853
  }
}